Points,Fixed,GPU,Column-wise (8),Row-wise (2),Distributed (4)
10,1.59294E-07,2.34620E-04,4.89500E-06,1.42510E-05,1.47810E-02
100,1.77400E-06,2.42656E-04,6.46900E-06,1.51040E-05,1.10820E-02
1_000,1.51670E-05,2.45604E-04,1.22290E-05,2.07020E-05,1.28140E-02
10_000,1.55786E-04,2.59646E-04,6.08640E-05,1.48709E-04,7.80100E-03
100_000,1.99000E-03,5.84619E-04,1.06300E-03,5.79242E-04,1.02930E-02
1_000_000,2.35910E-02,1.37700E-03,1.94010E-02,1.25900E-02,3.73367E-02