Recurrences,Fixed,GPU,Column-wise (8),Row-wise (2),Distributed (4)
10,1.59294E-07,2.34620E-04,4.89500E-06,1.42510E-05,1.47810E-02
100,1.62800E-06,2.34500E-03,4.69200E-06,1.67207E-04,1.25400E-02
1_000,1.03350E-05,2.39360E-02,7.75700E-06,2.41300E-03,1.48820E-02
10_000,2.11947E-04,2.48020E-01,6.73280E-05,1.86570E-02,1.52990E-02