Threads,Row-wise,Column-wise
2,1.23494E-01,1.21960E-01
4,1.68765E-01,1.15200E-01
6,1.99661E-01,1.15560E-01
8,2.79667E-01,1.11702E-01