Threads,Row-wise,Column-wise,Points,Recurrences
1,2.59000E-02,2.59000E-02,1_000_000,10
2,2.18600E-02,3.91940E-02,2_000_000,10
4,5.09980E-02,7.17510E-02,4_000_000,10
6,7.29580E-02,9.79090E-02,6_000_000,10
8,9.12040E-02,1.37925E-01,8_000_000,10