Threads,Row-wise,Column-wise,Points,Recurrences
1,2.06240E-02,2.06240E-02,1_000,10
2,1.16930E-02,1.80150E-02,1_000,10
4,1.45000E-02,1.73340E-02,1_000,10
6,1.84210E-02,1.84790E-02,1_000,10
8,1.80220E-02,1.67890E-02,1_000,10