Workers,Distributed,Points,Recurrences
1,2.72690E-03,1_000_000,100
2,1.67890E-03,1_000_000,100
3,1.51747E-03,1_000_000,100
4,1.45587E-03,1_000_000,100