Workers,Distributed
1,2.62114E-01
2,1.44850E-01
3,1.06548E-01
4,1.00103E-01