Workers,Distributed,Points,Recurrences
1,1.95235E-01,1_000_000,100
2,3.48024E-01,2_000_000,100
3,4.63224E-01,3_000_000,100
4,5.36281E-01,4_000_000,100