Points,Fixed,GPU,Column-wise (8),
10,1.00901E-07,3.57985E-04,3.65800E-06,
100,8.13085E-07,3.56026E-04,4.21800E-06,
"1,000",8.98200E-06,3.66089E-04,5.57400E-06,
"10,000",8.55330E-05,3.73452E-04,2.40350E-05,
"100,000",9.09365E-04,5.83019E-04,2.23022E-04,
"1,000,000",8.07700E-03,1.63600E-03,2.45000E-03,