Points,Fixed,GPU,Row-wise (4), Column-wise (8)
10,1.38000E-07,4.07530E-04,1.96950E-05,4.11500E-06
100,8.44000E-07,4.07108E-04,2.10780E-05,4.07400E-06
"1,000",1.01170E-05,4.85649E-04,3.50100E-05,6.28200E-06
"10,000",8.24830E-05,4.15020E-04,1.63780E-04,3.79300E-05
"100,000",9.41924E-04,6.20758E-04,1.18700E-03,3.50212E-04
"1,000,000",8.47300E-03,1.71300E-03,1.27940E-02,3.23400E-03