Recurrences,Fixed,GPU,Row-wise (4),Column-wise (8),
10,1.38000E-07,4.07530E-04,1.96950E-05,4.11500E-06,
100,8.45000E-07,4.58300E-03,4.07341E-04,4.58300E-06,
1_000,9.25800E-06,4.48800E-02,3.64800E-03,4.61500E-06,
10_000,9.18640E-05,4.20126E-01,3.0038E-02,2.13980E-05,