Recurrences,Fixed,GPU,Column-wise (8),
10,1.00901E-07,3.57985E-04,3.65800E-06,
100,8.29719E-07,3.83200E-03,3.51100E-06,
"1,000",9.18400E-06,4.18490E-02,4.24100E-06,
"10,000",9.37290E-05,4.31168E-01,2.14600E-05,