Threads,Column-wise,
2,4.64790E-02,
4,2.35220E-02,
6,1.74620E-02,
8,1.47110E-02,
