Threads,Column-wise,Row-wise
2,4.64790E-02,1.31483E-01
4,2.35220E-02,1.30664E-01
6,1.74620E-02,1.30346E-01
8,1.47110E-02,1.31425E-01
