Threads,Row-wise,Column-wise
2,1.39269E-01,4.76240E-02
4,1.05075E-01,2.43280E-02
6,1.05171E-01,1.82660E-02
8,1.22747E-01,1.54230E-02
