Threads,Row-wise,Column-wise,Points,Recurrences
1,7.70100E-03,7.07100E-03,1_000_000,10
2,2.76600E-02,1.19280E-02,2_000_000,10
4,5.57470E-02,1.35750E-02,4_000_000,10
6,7.66310E-02,1.36560E-02,6_000_000,10
8,1.07209E-01,1.88770E-02,8_000_000,10