Threads,Row-wise,Column-wise,Points,Recurrences
1,7.70100E-03,7.07100E-03,1_000_000,10
2,1.18810E-02,5.91000E-03,1_000_000,10
4,9.98300E-03,3.49400E-03,1_000_000,10
6,1.22080E-02,2.64600E-03,1_000_000,10
8,1.23340E-02,2.35600E-03,1_000_000,10