Points,Fixed,GPU,Row-wise (4),Column-wise (8)
10,3.21000E-07,5.09109E-04,2.08750E-05,4.20200E-06
100,7.25500E-07,5.06594E-04,2.10040E-05,4.33780E-06
1_000,1.20470E-05,5.17574E-04,3.5571E-05,9.25700E-06
10_000,9.14920E-05,5.46022E-04,1.44543E-04,3.83300E-05
100_000,1.32800E-03,1.15400E-03,1.31000E-03,5.38387E-04
1_000_000,1.10110E-02,2.55800E-03,1.47940E-02,4.8850E-03