Recurrences,Fixed,GPU,Row-wise (4),Column-wise (8)
10,3.21000E-07,5.09109E-04,2.08750E-05,4.80900E-06
100,1.01900E-06,6.89500E-03,4.31836E-04,4.85900E-06
1_000,1.00840E-05,6.20720E-02,4.75000E-03,7.43300E-06
10_000,1.110706E-04,5.74409E-01,3.22430E-02,2.42820E-05