Threads,Row-wise,Column-wise,Points,Recurrences
1,8.21000E-03,8.21000E-03,1_000_000,10
2,4.32650E-02,1.13200E-02,2_000_000,10
4,8.01590E-02,1.55730E-02,4_000_000,10
6,1.16699E-01,2.35770E-02,6_000_000,10
8,1.70517E-01,3.12530E-02,8_000_000,10