Threads,Row-wise,Column-wise,Points,Recurrences
1,8.21000E-03,8.21000E-03,1_000_000,10
2,1.86310E-02,6.35300E-03,1_000_000,10
4,1.68690E-02,4.54300E-03,1_000_000,10
6,1.21800E-02,4.11200E-03,1_000_000,10
8,1.20020E-02,4.25300E-03,1_000_000,10