Points,Fixed,GPU,Row-wise (4),Column-wise (8)
10,3.21000E-07,5.09109E-04,2.08750E-05,4.80900E-06
100,7.25500E-07,5.06594E-04,2.10040E-05,6.55800E-06
1_000,3.05320E-05,5.17574E-04,3.5571E-05,1.13610E-05
10_000,1.69015E-04,5.46022E-04,1.44543E-04,8.2082E-05
100_000,1.32800E-03,1.16500E-03,1.31000E-03,5.85628E-06
1_000_000,1.10110E-02,1.97710E-02,3.22500E-03,6.3600E-03