Points,Fixed,GPU,Column-wise (8)
10,1.43681E-07,1.11700E-03,3.72600E-06
100,7.15701E-07,4.94688E-04,3.85100E-06
"1,000",9.36000E-06,5.38774E-04,7.70500E-06
"10,000",7.13820E-05,5.28650E-04,3.02270E-05
"100,000",1.02100E-03,8.82094E-04,4.50289E-04
"1,000,000",8.63400E-03,2.21600E-03,4.79400E-03