Recurrences,Fixed,GPU,Column-wise (8)
10,1.43681E-07,1.11700E-03,3.72600E-06
100,9.55452E-07,5.27100E-03,3.63000E-06
"1,000",9.72100E-06,5.42410E-02,4.64900E-06
"10,000",9.91440E-05,5.67042E-01,2.30490E-05