Threads,Row-wise, Column-wise
2,1.39190E-01,5.20460E-02
4,1.32534E-01,2.86960E-02
6,1.49203E-01,2.04430E-02
8,1.66746E-01,1.55480E-02