Threads,Column-wise,
2,4.98700E-02,
4,2.59440E-02,
6,1.81290E-02,
8,1.43080E-02,