Threads,Column-wise,
2,4.98700E-02,1.32023E-01
4,2.59440E-02,1.23682E-01
6,1.81290E-02,1.14882E-01
8,1.43080E-02,1.30863E-03